Year,RMSE,R2,VolumeDiff,ScaleFactor,WettestTrainYear,DriestTrainYear
1940,881202192043.1985,0.9878950217011233,0.0,1.1363503809295077,2003,1987
1941,475058959714.9154,0.9969151672685183,0.0,1.2171734081720766,2003,1987
1942,393975088209.97974,0.9988972420159311,0.0,1.6268117085782356,2003,1987
1943,472359530882.20905,0.9953130905915992,0.0,0.9677171785639483,2003,1987
1944,762902314996.8073,0.9935080559152436,0.0,1.3300435125843582,2003,1987
1945,464100965955.91925,0.998339442079739,0.0,1.58085496915409,2003,1987
1946,764665123762.7565,0.991540546415458,0.0,1.1813237129192753,2003,1987
1947,315077481233.9595,0.9983126607322583,0.0,1.1092717688043614,2003,1987
1948,341379423985.13434,0.998891263296075,0.0,1.405519809433029,2003,1987
1949,904911764913.0914,0.990603626171313,-0.00390625,1.3062454641286472,2003,1987
1950,531386619193.3316,0.9985888726259984,0.0,1.9312519469527982,2003,1987
1951,260521995685.06744,0.9992791549433482,0.0,1.3625382066612446,2003,1987
1952,188789850238.02737,0.999056957190769,0.0,0.8722787518715668,2003,1987
1953,531589650571.02167,0.9863647395600994,0.0,0.6554991338394892,2003,1987
1954,389305651498.3076,0.9966192065021602,0.0,0.9261195301620023,2003,1987
1955,1067079142548.0792,0.9798360565833705,0.0,1.071484261180439,2003,1987
1956,466237757006.49084,0.9978169376793995,0.00390625,1.3832805754866964,2003,1987
1957,760235761565.721,0.9906604534054267,0.0,1.1259999118044914,2003,1987
1958,1418234933874.1484,0.9766624065840763,0.0,1.288510854161428,2003,1987
1959,317403548959.7029,0.9977053177177506,0.0,0.8952998565615646,2003,1987
1960,804217050924.2908,0.9826415443782502,0.0,0.8716215545531417,2003,1987
1961,249603740376.78128,0.9993239633192893,0.0,1.3237818792231297,2003,1987
1962,211629059085.19348,0.9987086095689011,0.0,0.8143742339074802,2003,1987
1963,400307362019.7243,0.9936790613320955,-0.001953125,0.6913270007538135,2003,1987
1964,559973966427.7864,0.9924009258262013,0.0,0.8909542600936268,2003,1987
1965,242513086984.78897,0.9980853986458623,0.0,0.776658057801355,2003,1987
1966,605638902741.6582,0.9924676943415236,0.0,0.9772022467690326,2003,1987
1967,294380888187.4957,0.9981495545393088,0.0,0.9379666283802217,2003,1987
1968,174248819324.5052,0.9989680694146554,0.0,0.7552780018308042,2003,1987
1969,268680313776.90234,0.9977664364739607,0.0,0.7981112564927887,2003,1987
1970,331073779257.34076,0.9980828340939647,0.0,1.0321875555691176,2003,1987
1971,1121927493653.9045,0.9787016215105038,0.0,1.0911597782554938,2003,1987
1972,252121148692.3962,0.9995835030227194,0.0,1.7093445667879377,2003,1987
1973,384515817760.95905,0.9988582227338929,0.0,1.5679407408614325,2003,1987
1974,652741896753.2426,0.9956526656015615,0.0,1.3700571998707032,2003,1987
1975,424944464229.6645,0.9972196525582374,0.0,1.1276361073992416,2003,1987
1976,160536398169.15833,0.9989447946273995,0.0,0.7005603793247476,2003,1987
1977,273224646373.7741,0.9986655981376409,0.0,1.0280768747017002,2003,1987
1978,659536727916.2262,0.9955238825913418,-0.00390625,1.386831835716545,2003,1987
1979,750923458943.3845,0.9955787749318272,0.0,1.586258471883368,2003,1987
1980,809232037087.2534,0.9855659905243832,0.0,0.956188527688578,2003,1987
1981,496801186621.0564,0.9945514627948951,0.0,0.9450222594810127,2003,1987
1982,169962892304.14276,0.9991543200204638,0.0,0.8280495995302889,2003,1987
1983,479062634651.3379,0.9967914168934563,0.0,1.2066603351153085,2003,1987
1984,523384010402.73627,0.9941858919850696,0.0,0.970508057784664,2003,1987
1985,373630073168.10693,0.9973630790637471,0.0,1.003055814204591,2003,1987
1986,203990734845.7229,0.9990142134503529,0.0,0.9003160262307406,2003,1987
1987,497153893364.1407,0.9900125784876758,0.0,0.6783229107390408,2003,1999
1988,1194625844640.6338,0.9668448844289539,0.0,0.937768218564382,2003,1987
1989,890000976993.0529,0.9932850435290965,0.0,1.5349001749950582,2003,1987
1990,1059982557946.0686,0.992720128129763,0.0,1.6838290152152273,2003,1987
1991,179711954443.25836,0.9983752464360631,0.0,0.6252113295296787,2003,1987
1992,98010821915.93881,0.9998171984923682,0.0,1.0068747740637127,2003,1987
1993,841528894283.7816,0.9910247612888375,0.0,1.22161411230472,2003,1987
1994,218856156198.3065,0.9985198731464118,0.0,0.8109979518894245,2003,1987
1995,1177892095648.6548,0.9883151681379768,0.0,1.577954178521859,2003,1987
1996,1552501348703.5566,0.9881995633989163,0.0,1.968752384374854,2003,1987
1997,252090390123.75436,0.999283679629684,0.00390625,1.322546078024479,2003,1987
1998,1136289770822.351,0.9770113452303776,0.0,1.0482613288791582,2003,1987
1999,279681118017.26044,0.9955865067755781,0.0,0.5924082134558364,2003,1987
2000,328245962326.9551,0.9971743557450049,0.0,0.8670230835157596,2003,1987
2001,486492857126.6869,0.9941284181490094,0.0,0.9098808574546136,2003,1987
2002,454930138608.8579,0.9977411401197026,0.0,1.3686140392346304,2003,1987
2003,1275114522520.1377,0.9913577638069698,0.0,1.9508479678357777,1995,1987
2004,1705605941829.804,0.9801147823675701,0.0,1.6373226489590715,2003,1987
2005,216533540648.43436,0.9965886475068964,0.0,0.5351241039306499,2003,1987
2006,315343520263.94183,0.9979761490206951,0.0,0.9540067106796767,2003,1987
2007,711670749957.0503,0.9881384071676235,0.0,0.8842960557524578,2003,1987
2008,216271724511.61484,0.9980748286830756,-0.001953125,0.7071054322669971,2003,1987
2009,676764228917.6852,0.9857565148263806,0.0,0.7859586638300134,2003,1987
2010,997461742738.6208,0.9705337818755293,0.0,0.8246629352387689,2003,1987
2011,727708641589.2682,0.9913525897581877,0.0,1.0687188787647393,2003,1987
2012,96477955683.84496,0.9994195939271406,0.0,0.564264272037216,2003,1987
2013,116228134021.52185,0.9995441474040895,0.0,0.7641641681479183,2003,1987
2014,251665300174.47946,0.9984692520099925,0.0,0.904209907476638,2003,1987
2015,424423855772.3534,0.9952375926750906,0.0,0.8522085173738284,2003,1987
2016,206972330139.37335,0.9988389318618381,0.0,0.865982720411159,2003,1987
2017,356433841904.90515,0.9984156786831493,0.0,1.2759595745837469,2003,1987
2018,731900108158.3368,0.9973120551517378,0.0,1.9181051413982388,2003,1987
2019,58404191955.52127,0.999967246685855,0.0,1.4485925908716841,2003,1987
2020,583516741927.3533,0.9909255545865989,0.0,0.8674807462625815,2003,1987
2021,88524983507.17216,0.9998377999463492,0.0,0.9680876755871269,2003,1987
2022,361605492478.539,0.9958190426657688,0.0,0.7810040913056338,2003,1987
2023,188666450353.72928,0.9986844223263475,0.0,0.7173504895967611,2003,1987
2024,1536514803115.2378,0.8865292536345851,0.0,0.5248851907399893,2003,1987
2025,701127489061.0339,-4.431309202531774,-0.0001220703125,0.04579561181854421,2003,1987
